t,C,y
1,1,-1.258408
2,1,-0.447086
3,1,-2.842724
4,2,3.969924
5,2,3.266119
6,2,1.494123
7,2,2.484312
8,2,2.579140
9,2,1.818417
10,2,3.410205
11,1,-2.960755
12,2,2.376927
13,2,0.436503
14,2,1.433302
15,2,1.666943
16,2,2.047365
17,2,2.566440
18,2,2.149265
19,2,3.787484
20,1,-2.569517
21,1,-3.085801
22,1,-1.360264
23,1,-1.004289
24,1,-3.933205
25,2,1.860526
26,1,-2.190656
27,1,-2.225940
28,1,-3.654571
29,1,-1.688636
30,1,-2.776020
31,1,-0.880288
32,1,-2.457922
33,2,2.425393
34,2,1.972029
35,2,1.635666
36,1,-2.678777
37,1,-2.675022
38,1,-2.132784
39,1,-1.829000
40,1,-3.725671
41,1,-2.206421
42,1,-1.511574
43,1,-2.990903
44,1,-0.982120
45,1,-1.074749
46,2,1.095214
47,1,-0.156308
48,1,-0.474493
49,1,-2.070557
50,2,2.604160
51,2,2.907520
52,2,1.414177
53,2,2.973599
54,2,2.207283
55,2,2.606389
56,2,2.001761
57,2,1.758926
58,2,2.053345
59,2,2.837720
60,2,0.509889
61,1,-1.395428
62,1,-3.743058
63,1,-0.708622
64,1,-0.699304
65,2,1.035937
66,2,0.009221
67,2,1.414185
68,2,2.298772
69,2,1.954252
70,2,2.049898
71,1,-1.639573
72,1,-1.591852
73,1,-1.807139
74,1,-2.420865
75,1,-0.656046
76,1,-2.818221
77,1,-2.661104
78,2,0.819809
79,2,3.197322
80,1,-0.116646
81,2,2.714224
82,2,4.284333
83,2,1.122637
84,1,-3.621087
85,1,-3.556024
86,1,-2.054465
87,1,-3.811279
88,1,-2.631175
89,1,-1.804501
90,1,-2.471604
91,1,-1.348791
92,1,-3.130496
93,1,-2.777347
94,1,-0.884062
95,1,-1.575588
96,2,3.089309
97,1,-2.549656
98,2,2.521126
99,2,1.085245
100,1,-1.141762
101,1,-3.900584
102,1,-3.137579
103,1,-0.952018
104,1,-1.750042
105,1,-1.596814
106,1,-2.684059
107,1,-2.332030
108,1,-2.296100
109,1,-1.607692
110,1,-1.758365
111,1,-1.507241
112,1,-1.909887
113,1,-1.792924
114,1,-1.476537
115,1,-2.672785
116,1,-1.866676
117,2,1.647752
118,2,2.819467
119,1,-1.478012
120,2,3.197260
121,1,-1.646115
122,1,-0.952415
123,1,-2.423896
124,1,-5.514768
125,1,-1.771418
126,1,-2.257664
127,1,-2.261672
128,2,1.820620
129,2,1.307229
130,1,-0.862173
131,1,-2.498073
132,1,-2.362891
133,1,-1.736040
134,1,-2.629642
135,1,-0.892375
136,1,-1.823761
137,1,-3.062795
138,1,-2.886406
139,1,-3.089034
140,1,-1.015883
141,1,-0.990755
142,1,-1.286610
143,1,-0.760979
144,1,-3.784804
145,1,-2.184351
146,1,-3.391193
147,1,-1.963740
148,1,-2.814406
149,1,-1.884144
150,1,-1.634349
151,1,1.101531
152,1,-1.141246
153,1,-2.282135
154,2,1.024345
155,1,-1.901813
156,1,-1.094510
157,2,3.743039
158,2,1.678121
159,2,3.117999
160,2,3.064250
161,2,0.706366
162,1,-1.322973
163,1,-2.051697
164,1,-1.432944
165,2,2.619302
166,2,1.941374
167,2,2.398586
168,2,0.946826
169,1,-3.574582
170,2,1.504312
171,1,-2.117575
172,1,-1.626880
173,1,-2.386029
174,2,0.769407
175,1,-3.958272
176,1,-2.517963
177,1,-2.719527
178,1,-2.118616
179,1,-2.573544
180,1,-2.383677
181,1,-1.708366
182,2,2.072857
183,2,2.428081
184,2,0.960212
185,2,1.017300
186,2,1.195840
187,1,-1.782474
188,1,0.084442
189,1,-0.993927
190,1,-3.037115
191,1,-0.921421
192,2,1.481266
193,2,1.718474
194,2,2.560369
195,1,-1.244791
196,1,-3.060891
197,1,-2.351610
198,1,-1.410201
199,1,-2.826461
200,1,-1.215791
201,1,-1.143067
202,1,-2.493994
203,1,-1.838010
204,2,2.535038
205,2,2.830589
206,2,3.043630
207,2,1.239053
208,1,-2.085431
209,1,-3.033054
210,1,-2.231187
211,1,-3.725386
212,1,-1.640750
213,2,3.211364
214,1,-4.169423
215,1,-3.461866
216,1,-2.571102
217,1,-1.551281
218,1,-4.281564
219,1,-2.941222
220,1,-2.128230
221,1,-0.977697
222,1,-0.492124
223,1,-0.714027
224,2,0.844933
225,2,2.539952
226,2,-0.251261
227,1,-2.343617
228,1,-2.067944
229,1,-2.893672
230,1,-2.680244
231,1,-0.931740
232,2,3.213088
233,1,-0.855281
234,1,-0.321596
235,2,2.042653
236,2,3.364252
237,2,1.870683
238,2,1.101461
239,2,1.854193
240,2,1.780886
241,2,2.269827
242,1,-1.121301
243,2,2.007966
244,2,3.088573
245,2,2.519105
246,2,1.872716
247,1,-2.137020
248,2,2.987424
249,1,-2.718550
250,1,-0.061965
251,1,-1.761346
252,2,2.405642
253,2,0.094163
254,2,2.282044
255,2,-0.287640
256,2,1.448526
257,1,-0.792379
258,1,-3.151798
259,1,-3.816773
260,1,-2.188015
261,1,-2.707516
262,1,-4.149104
263,2,3.012715
264,2,0.257663
265,2,2.851932
266,2,3.370982
267,2,2.274075
268,2,2.403809
269,2,1.597775
270,2,0.466984
271,2,2.206550
272,2,1.095005
273,2,0.345409
274,1,-3.385430
275,1,-1.106724
276,1,-1.613239
277,1,-3.494074
278,1,-1.531261
279,2,1.953556
280,1,-2.697884
281,1,-2.052934
282,2,2.333006
283,1,-2.648982
284,1,-3.543056
285,1,-0.707665
286,1,-2.938762
287,1,-0.024608
288,1,-3.177012
289,2,3.286129
290,2,2.871773
291,1,-3.619641
292,1,-3.625426
293,1,-2.514445
294,1,-1.687213
295,1,-1.597850
296,1,-1.881944
297,2,2.035443
298,2,1.522099
299,2,0.850876
300,1,-2.500971
301,1,-2.388420
302,1,-0.949858
303,1,-2.032069
304,1,-2.047734
305,1,-2.185330
306,1,-1.804580
307,1,-3.188142
308,1,-2.149414
309,1,-4.138017
310,1,-1.599063
311,1,-2.233423
312,2,2.859745
313,2,2.017938
314,2,-0.285480
315,2,1.971054
316,2,0.282568
317,1,-3.028527
318,1,-1.934464
319,1,-1.589530
320,1,-3.168930
321,2,0.085592
322,2,2.073236
323,2,0.262765
324,2,2.154934
325,2,2.832379
326,2,1.578294
327,2,2.795706
328,2,1.657415
329,2,2.368467
330,2,1.902570
331,2,1.226413
332,1,-2.696015
333,2,1.587644
334,2,0.189693
335,2,1.928018
336,2,2.068653
337,2,1.520517
338,1,-2.841457
339,1,-1.836610
340,1,-2.939805
341,1,-2.164254
342,1,-1.343363
343,1,-2.574829
344,1,-2.020752
345,1,-0.813582
346,1,-2.470147
347,2,2.759824
348,2,1.717006
349,2,0.531444
350,2,2.845067
351,1,-2.584190
352,1,-2.530002
353,1,-3.400262
354,1,1.057324
355,1,-1.674460
356,1,-1.614870
357,1,-1.657942
358,1,-2.576887
359,2,2.860162
360,1,-2.042743
361,1,-2.626980
362,1,-0.353494
363,1,-2.113275
364,2,3.338448
365,2,0.240173
366,2,0.744031
367,2,2.508474
368,2,2.235334
369,1,-3.144807
370,1,-2.052459
371,2,1.796490
372,2,2.396693
373,2,2.568466
374,2,1.630084
375,2,2.139899
376,2,0.653269
377,2,-0.082130
378,2,0.347208
379,2,2.920403
380,1,-1.062620
381,1,-1.338782
382,1,-1.375493
383,1,-2.653127
384,2,2.429767
385,2,-0.892794
386,2,1.238599
387,2,3.113198
388,2,1.994475
389,2,3.282372
390,2,1.656310
391,1,-3.002183
392,1,-2.511009
393,2,0.028388
394,2,2.992745
395,2,3.098547
396,2,0.705179
397,2,2.124011
398,2,2.910396
399,2,2.199339
400,1,-2.139995
401,1,-2.057185
402,2,1.062338
403,1,-2.440111
404,2,1.094887
405,1,-2.797925
406,1,-0.433271
407,1,-0.766771
408,2,1.111928
409,1,-2.866790
410,1,-2.566191
411,1,-0.828484
412,2,2.073470
413,1,-2.862575
414,1,-1.727145
415,1,-2.188772
416,1,-3.988975
417,1,-1.643994
418,1,-1.425128
419,2,2.034821
420,1,-1.999560
421,1,-3.017047
422,1,-3.089371
423,2,2.623900
424,2,2.850465
425,2,3.077907
426,2,1.977975
427,1,-3.104686
428,1,-2.723721
429,1,-1.965495
430,2,1.069696
431,1,-1.111020
432,1,-0.304538
433,1,-1.944653
434,1,-0.953992
435,1,-1.898358
436,1,-1.439837
437,1,-2.392029
438,1,-2.035431
439,1,-1.488781
440,1,-3.478320
441,1,-0.487928
442,2,3.304982
443,2,1.966963
444,1,-0.798729
445,2,1.916396
446,1,-3.085655
447,2,0.731483
448,1,-2.774727
449,1,-3.147634
450,1,-1.917307
451,1,-0.098949
452,2,1.126682
453,2,1.989065
454,1,-2.327425
455,2,1.247866
456,2,0.938639
457,2,3.777517
458,2,2.503479
459,1,-1.993080
460,1,-2.301307
461,1,-2.097108
462,1,-1.806521
463,1,-2.311303
464,2,1.482689
465,2,-0.455118
466,2,2.497313
467,1,-2.465020
468,1,-1.880303
469,2,-0.177016
470,1,-1.632964
471,1,-1.905886
472,1,-1.617962
473,1,-2.143009
474,2,2.262255
475,2,2.100556
476,1,-0.499343
477,1,-3.383349
478,1,-2.287391
479,1,-2.212164
480,1,-3.217107
481,1,-1.781480
482,2,3.314764
483,2,2.282198
484,2,1.159916
485,2,1.020029
486,2,2.272202
487,1,-0.850559
488,1,-3.408327
489,2,1.104073
490,2,3.202074
491,1,-3.338409
492,1,-2.516968
493,1,-3.529869
494,1,-2.705336
495,1,-3.276128
496,1,-1.365382
497,2,1.899980
498,2,2.248384
499,1,-0.675272
500,1,-1.292962
